model_format,accuracy,accuracy_percent,avg_latency_ms,median_latency_ms,p95_latency_ms,throughput_samples_per_sec,model_size_mb,num_samples,batch_size,warmup_runs,measured_runs
PyTorch FP32,0.759,75.9,0.546083003282547,0.45644998317584395,0.8799500355962662,1831.2234476973701,0.6056709289550781,1000,1,20,100
ONNX FP32,0.759,75.9,0.07318600080907345,0.06685004336759448,0.07990502635948359,13663.815332781815,0.5979576110839844,1000,1,20,100
ONNX INT8,0.756,75.6,0.5949900043196976,0.20219990983605385,0.35482496605254665,1680.7005037729743,0.1592416763305664,1000,1,20,100
PyTorch FP32,0.759,75.9,4.593312998767942,4.356500052381307,6.3292850740253925,6809.899523152502,0.6056709289550781,1000,32,20,100
ONNX FP32,0.759,75.9,1.7672819958534092,0.6831499631516635,5.140029970789327,17699.495651170873,0.5979576110839844,1000,32,20,100
ONNX INT8,0.752,75.2,9.196579997660592,7.88370001828298,18.274944997392595,3401.264383929346,0.1592416763305664,1000,32,20,100
