model_format,accuracy,accuracy_percent,avg_latency_ms,median_latency_ms,p95_latency_ms,throughput_samples_per_sec,request_success_rate,request_success_percent,successful_requests,failed_requests,total_requests,model_size_mb,num_samples,batch_size,warmup_runs,measured_runs,url,model_name,onnx_path,seed
Local ONNX Runtime FP32,0.776,77.60000000000001,0.49052900401875377,0.05959998816251755,0.15212998259812585,2038.6154372265585,1.0,100.0,620,0,620,0.5979576110839844,500,1,20,100,localhost:8000,edgevision_cnn,models\cnn_cifar10.onnx,42
Triton-served ONNX FP32,0.776,77.60000000000001,1.3523730007000268,0.652100017759949,5.6958600122015905,739.4409674567383,1.0,100.0,620,0,620,0.5979576110839844,500,1,20,100,localhost:8000,edgevision_cnn,models\cnn_cifar10.onnx,42
Local ONNX Runtime FP32,0.776,77.60000000000001,0.6702900014352053,0.16075000166893005,1.6016050474718202,11875.456866365723,1.0,100.0,183,0,183,0.5979576110839844,500,8,20,100,localhost:8000,edgevision_cnn,models\cnn_cifar10.onnx,42
Triton-served ONNX FP32,0.776,77.60000000000001,25.35640699788928,8.537499990779907,54.61898000794463,313.9246029874267,1.0,100.0,183,0,183,0.5979576110839844,500,8,20,100,localhost:8000,edgevision_cnn,models\cnn_cifar10.onnx,42
